title,published_date
How to make pressed chocolate cake,2014-01-03
Gluten-free alfajores with dairy-free caramel filling | Just as tasty,2014-01-03
Readers' recipe swap – Guardian home cook of the year,2014-01-04
What does it take to carve out a meaningful career in media?,2014-01-08
Weekly roundup: Social Enterprise Network: 10 January 2014,2014-01-10
"24,000 murders last year confirm Venezuela as one of the world's most dangerous countries",2014-01-12
"Ben Tish's Brown butter panna cotta with spiced biscuits, raisin ice-cream and thyme recipe",2014-01-13
UK inflation finally falls to 2% target - as it happened,2014-01-14
Manchester City v Blackburn Rovers – live! | Toby Moses,2014-01-15
Theo: the small chocolate company taking big strides in the DRC,2014-01-16
Spas with a difference: weird baths around the world,2014-01-17
How to bake with malt | Ruby Tandoh,2014-01-18
"Get a taste for teff, the Ethiopian superfood",2014-01-23
Davos 2014: climate change and sustainability – day three as it happened,2014-01-24
Readers' recipe swap: citrus,2014-01-25
"Family life: Dad's hair-combing ritual, the naughty Tom Lehrer and Mum's 'trifle'",2014-01-25
Voices of Brazil: the tribal activist fighting for his Amazon home,2014-01-26
30 things being 3D printed right now (and none of them are guns),2014-01-29
Wilmar's 'no deforestation' commitment could revolutionise the way food is grown,2014-01-29
Sustainability certification may be failing farmers and the environment,2014-01-30
Our favourite things online this week: from Irish rugby to California love,2014-01-31
"Cadbury cash 'radically different' to SPC Ardmona funding request, says PM",2014-02-03
A brief history of architecture on TV,2014-02-04
Can a small business make a big impact on sustainability?,2014-02-04
"The Florentine, Sheffield: hotel review",2014-02-07
Tricks of the trade: Simon Rogan's recipes for midweek suppers,2014-02-07
A sweetly Scandinavian birthday buffet,2014-02-08
Ivory Coast joins the African gold rush – but it's no quick fix for the economy | Tamasin Ford,2014-02-10
Slavery: just a 'regrettably unavoidable' aspect of business?,2014-02-12
Valentine's Day food: how to get your partner's pulse racing,2014-02-12
Valentine's Day ethics: how green is your red rose? | Janise Elie,2014-02-13
The 10 best peanut recipes,2014-02-15
Aid to Africa: private sector investment becomes new priority,2014-02-18
Ghana hopes G8 New Alliance will end long history of food insecurity,2014-02-18
Local and sustainable: how we used to live | Get-togethers,2014-02-22
"Fairtrade at 20: much achieved, but much more needs to be done",2014-02-24
Why Jamie Hartzell's taste for social business adds up to Divine Chocolate,2014-02-26
Cooking the books at a literary feast,2014-03-01
Fairtrade: how a few pence can make a big difference,2014-03-01
Will 12 Years a Slave help the fight against slavery?,2014-03-04
'There is a phenomenal concentration of power in the hands of a few',2014-03-07
"Rabot 1745, London SE1: restaurant review | Marina O'Loughlin",2014-03-07
The 10 best rosemary recipes,2014-03-08
Baby spices at a young foodies' party | Get-togethers,2014-03-08
Bicarbonate of soda recipes | Ruby Tandoh,2014-03-08
Ukraine's oligarchs: who are they – and which side are they on?,2014-03-09
How to make the perfect tiramisu,2014-03-13
Top 10 street food trucks in Nashville,2014-03-18
"Undercover Doctor: Cure Me, I'm Gay; Food Prices: The Shocking Truth – TV review",2014-03-19
How to make genoise,2014-03-22
Our 10 best chickpea recipes,2014-03-22
The Mossman traffic light and what's 'right' for rural communities,2014-03-23
"Climate catastrophes in other countries will hit UK's food security, experts say",2014-03-31
April Fools' Day jokes 2014 – the best on the web,2014-04-01
Why it is not possible to regulate robots,2014-04-02
The women striving ahead in the social enterprise sector,2014-04-08
Discount wars bring sharpest fall in prices for seven years,2014-04-08
Can resveratrol – the 'wonder chemical' in red wine – live up to the hype? | Corrinne Burns,2014-04-11
Orange and ginger and raspberry fondant puddings  | Ruby bakes,2014-04-12
"The OFM 50: our favourite foods, recipes, restaurants and more",2014-04-12
Easter eggs and cakes taste test,2014-04-13
Get cracking: five hectic Easter jobs,2014-04-17
Cupuaçu: Brazil's new alternative to chocolate,2014-04-17
Fergus Henderson's last supper | Last bites,2014-04-18
Wine: what to drink at Easter,2014-04-19
Blanchette: restaurant review | Jay Rayner,2014-04-20
12 recipe ideas for leftover chocolate,2014-04-21
Brands must embrace the future of fully conscious consumption,2014-04-23
Manchester showcases new plays on the global food crisis,2014-04-25
Some like it hot: Thomasina Miers' chilli recipes,2014-04-25
How to fry doughnuts | Ruby Tandoh,2014-05-03
The Tyranny of Experts review – taking on the development technocrats,2014-05-05
Readers' recipe swap: raw | Felicity Cloake,2014-05-10
Joan Littlewood's 1961 dream comes true at last,2014-05-10
"Parks and Recreation, Miley Cyrus and the rarest of coffee beans - as it happened",2014-05-12
Nestlé puts QR codes on its products,2014-05-15
A Eurovison party | Get-togethers,2014-05-17
Our 10 best beetroot recipes,2014-05-24
Sesame recipes that are streets ahead | Ruby Tandoh,2014-05-24
Where are we to turn if we want to be ethical food shoppers these days? | Felicity Cloake,2014-05-24
Springwatch's Chris Packham: 'Live dung analysis would be brilliant',2014-05-25
Top 10 craft beer pubs in Bristol,2014-05-26
Forced labour laws need more than lip service to be effective | Aidan McQuade,2014-05-29
"Gluten-free, dairy-free and egg-free chocolate fairy cakes recipe | Just as tasty",2014-05-31
Festivals guide 2014 listings: folk and world music,2014-05-31
Spreading the Nutella wealth: Italy's sweet success at 50,2014-06-03
Swift: a developer's guide to Apple's new programming language,2014-06-06
Our 10 best Brazilian recipes,2014-06-07
It's time to be honest about how we trace produce through our food chains,2014-06-11
Our 10 best vegan recipes,2014-06-14
Summer vegetarian recipes,2014-06-14
It's never too late to say 'I do': why the over-65s have fallen for marriage,2014-06-14
Women and girls are dying for lack of toilets; businesses can help,2014-06-17
In the spotlight… Jo Fairley from Green & Black's,2014-06-20
"Family life: At the Pitchfork Fair, and Mum's chocolate biscuits",2014-06-21
Liberia caterpillar plague causes mass evacuation and crop destruction,2014-06-25
"Dairy-free prune, brandy and chocolate ice-cream recipe | Just as tasty",2014-06-27
Six strategies for creating system change for a sustainable future,2014-06-27
Making dessert using stout | Ruby Tandoh,2014-06-28
10 things you need to know about sustainable agriculture,2014-07-01
UK clothes prices continue to fall,2014-07-08
TV highlights 14/07/2014,2014-07-14
Rise of the silver gamers: you don't have to be young to play video games,2014-07-15
Readers' recipe swap: guilty pleasures | Felicity Cloake,2014-07-19
Pumped-up baking from Suffolk | Behind the scenes,2014-07-19
Paul and Mary's favourite Bake Off recipes,2014-07-20
Ginger ice-cream and chocolate cones for a summer heatwave | Ruby bakes,2014-07-26
Brian Innes obituary,2014-07-28
General Mills joins climate change fight and requires pledges from suppliers too,2014-07-28
Ben’s Cornish Kitchen: restaurant review,2014-08-03
Markets tense after Portugal bank bailout- business live,2014-08-04
US criticised over increased private sector investment in Africa,2014-08-07
Ghana’s plea to IMF a sad recognition of the perils of prosperity | Monica Mark,2014-08-08
Our 10 best sesame recipes | Our 10 best,2014-08-09
Ghana’s cocoa farmers turn to smuggling as profits dwindle | Mark Anderson and Billie Adwoa McTernan,2014-08-13
Hazelnuts shortfall forces buyers to shell out 60% more for supplies,2014-08-13
Readers' recipe swap: gluten-free recipes | Eve O'Sullivan,2014-08-16
"Fish, farms and factories: sustainable businesses take us back to the source",2014-08-18
Soaring remittance fees and World Humanitarian Day,2014-08-19
Food and drinks companies respond to consumer pressure on climate change,2014-08-21
The best caramel ice-cream: taste test,2014-08-27
Ebola epidemic takes toll on business in quarantine zones and across Africa,2014-08-27
The Great British Bake Off 2014 episode four – as it happened,2014-08-27
Bain’s 50% stake in Toms shoes shows faith in socially-minded business,2014-08-28
Global Fairtrade sales reach £4.4bn following 15% growth during 2013,2014-09-03
"Thankless, dangerous – the task of the Ebola burial boys in Sierra Leone",2014-09-04
Fairtrade is an unjust movement that serves the rich | Ndongo Samba Sylla,2014-09-05
A cycling tour of Cuba: readers’ travel writing competition,2014-09-06
19 recipe ideas for leftover onions,2014-09-09
Readers’ recipe swap: Spreads | Eve O’Sullivan,2014-09-13
Sustainable sugar: Coca-Cola and BP signed up but will it go mainstream?,2014-09-15
Corrections and clarifications,2014-09-16
No time for breakfast? Sit down to a smoothie,2014-09-19
Death by chocolate – Anthony Demetre’s last meal | Last bites,2014-09-19
Throwing competition to the wind: cocoa manucfaturers collaborating,2014-09-19
Readers’ recipe swap: coffee recipes | Eve O’Sullivan,2014-09-20
Our 10 best sweet potato recipes,2014-09-20
Businesses have a role promoting peace in conflict zones,2014-09-22
I stir the cocoa: is the joy of misheard lyrics under threat? | Peter Kimpton,2014-09-23
"Coconut oil, teff and quinoa: increased 'superfoods' demand hits the south in the guts | Sunili Govinnage",2014-09-24
The Great British Bake Off 2014: episode eight – as it happened,2014-09-24
Season's eatings: spring honey cake,2014-09-25
Our 10 best plum recipes,2014-09-27
Fun Palaces: art for all,2014-10-01
The Great British Bake Off 2014: episode nine – as it happened,2014-10-01
Food shortages are everyone’s responsibility,2014-10-03
Tell us about your Fun Palaces weekend – share your photos and stories,2014-10-03
WWF International accused of 'selling its soul' to corporations,2014-10-04
Why supermarkets are on the way out | Felicity Lawrence,2014-10-07
Is it possible to run a drone business with an ethical base? | Antony Loewenstein,2014-10-09
Ebola isn’t just a health crisis – it’s a social and economic one too | Amara Konneh,2014-10-10
"Family life | A yearly tradition, Another Grey Morning by James Taylor and easy-peasy ice cream",2014-10-11
Stockholm: the only European capital you can explore by kayak | Travel | The Guardian,2014-10-12
The X Factor 2014:  first live show – as it happens,2014-10-12
Apprentice’s Nick Hewer attacks Tesco as he backs Fairtrade banana campaign,2014-10-12
Accidental exporters: the businesses that fell into selling overseas,2014-10-14
How to bake the perfect flourless chocolate cake,2014-10-16
"The craft coffee trend: it's pricey, but farmers aren't getting rich",2014-10-16
Does the new Apple iPad look familiar? That's not a coincidence,2014-10-16
Coffee bakes that are an instant hit | Ruby Tandoh,2014-10-18
Beast: restaurant review | Jay Rayner,2014-10-19
OFM awards 2014 best reader’s recipe: Gavan Knox’s smokin’ pig licker brownies,2014-10-19
Top 10 restaurants in Turin,2014-10-22
How to eat: chocolate,2014-10-27
"Chocolate component reverses memory loss in older people, claims study",2014-10-27
Baking with blood: homemade Halloween treats,2014-10-29
Eight foods you're about to lose due to climate change,2014-10-29
Is chocolate good for you?,2014-11-02
Michael Bond: the 10 things I never knew about Paddington,2014-11-03
Collaborating for sustainability: what business partnerships work best? - live chat,2014-11-03
Bill Gates foundation spends bulk of agriculture grants in rich countries,2014-11-04
Royal Society books shortlist: Stuff Matters by Mark Miodownik – review,2014-11-04
Mars tries to share benefits of business without parting with profits,2014-11-04
How do I become … a chocolate taster,2014-11-04
Ebola's catastrophic consequences on Sierra Leone’s small-scale mining sector,2014-11-04
How to make hazelnut and cocoa spread – recipe,2014-11-07
Duck out: Michel Roux Sr’s final meal | Last bites,2014-11-07
Beauty: give skin a winter treat,2014-11-08
Are natural and organic bathroom products really ethical?,2014-11-09
Why I raise a glass to late-night murder mysteries | Laurie Taylor,2014-11-11
Pyjamas: fashion or faux-pas?,2014-11-12
Ghana's economic resurgence restores business confidence,2014-11-13
How to make chilli con carne,2014-11-14
Coke and other firms make the business case for aiding world's poorest,2014-11-14
Ruby’s vegan raspberry cookies and chocolate cake recipes,2014-11-15
Readers’ recipe swap: Buckwheat,2014-11-15
How to make perfect edible Christmas gifts,2014-11-16
Save our chocolate: expert tips to halt the cocoa shortage,2014-11-18
Entrepreneurial UK: 10 things Britain has given the world,2014-11-21
The cocoa crisis: why the world’s stash of chocolate is melting away,2014-11-21
Top tips for social enterprises looking to expand overseas,2014-11-24
People with a vagina have needs – but making their baby-cannon smell of fruit is not one of them | Lindy West,2014-11-25
Connie Sharman obituary,2014-11-30
'Trade facilitates sustainability': The trouble with the local food movement,2014-12-01
Season's eatings: soft banana ice-cream recipe,2014-12-03
Taste test: the Mother Goose kids nosh novelty chocolate,2014-12-05
The best places to eat out and drink this week,2014-12-06
Our 10 best wine recipes,2014-12-13
"Family life: Dad making like a monkey, Ol’ Man River by Paul Robeson and chocolate cherry pudding",2014-12-13
Ebola diary: delivering food and supplies to quarantined homes,2014-12-13
Wendy Cope: ‘My secret love is Strictly Come Dancing’,2014-12-13
Renzo Martens – the artist who wants to gentrify the jungle,2014-12-16
Thomasina Miers’ Christmas dessert recipes,2014-12-16
Readers’ recipe swap: our home cook of the year,2014-12-20
Top business sustainability trends of 2014,2014-12-22
The problem with Professor Branestawm | Alice Bell,2014-12-24
The quiz of you: what were you like in 2014? Take our tests (no cheating),2014-12-27
New Year's Eve cocktails: five easy ways to wow,2014-12-30
Uganda has little to show for African trade agreement after 14 years │Alon Mwesigwa,2015-01-02
How was 2014 for you? Highs and lows of your year - readers' stories,2015-01-03
How to use honey in your baking | Ruby bakes,2015-01-08
Readers’ recipe swap: dairy-free | Eve O’Sullivan,2015-01-10
The best adventure holidays for 2015,2015-01-10
"The Manor, London SW4 – restaurant review | Marina O’Loughlin",2015-01-12
The Cadbury's Creme Egg scandal: how to stage a chocolate revolution,2015-01-12
Shellshock! Cadbury comes clean on Creme Egg chocolate change,2015-01-12
How can businesses help to eradicate child labour? – live chat,2015-01-13
Oscars delirium: a seasonal condition in which even critics become starstruck | Peter Bradshaw,2015-01-14
Cadbury cuts 250 jobs in Birmingham,2015-01-15
Trade Mission judging day – as it happened,2015-01-15
10 things we learned about eradicating child labour,2015-01-23
Readers’ recipe swap: desiccated coconut | Eve O’Sullivan,2015-01-24
Hershey's lawsuit sparks British revolt for 'superior' Cadbury chocolate,2015-01-27
The computer-generated cookbook: just the thing for a hungry digital age,2015-01-27
Ruby bakes meringues | Ruby Tandoh,2015-01-31
Petite Noir: 'Nowhere really feels like home',2015-01-31
"In poor countries, companies step in to fill gaps left by agricultural nonprofits",2015-02-02
"Cadbury shrinks Australian chocolate bars by 10%, but price stays the same",2015-02-03
How can we avoid peak chocolate?,2015-02-04
Danone and Mars launch £79m fund for smallholder farmers,2015-02-05
Homemade cheap and healthy snacks to keep at work | The Lunch Box,2015-02-05
Mountaineering review – a journey of life guided by headphones and crisps,2015-02-06
Why we drink hot chocolate in the winter | Mark J Sciscenti,2015-02-07
Brownie points: the ultimate recipes | Ruby Tandoh,2015-02-08
Italian birthplace of amatriciana denounces chef's 'secret ingredient',2015-02-09
Is gluten-free good for the planet?,2015-02-10
Five charitable ways to spend Valentine's Day,2015-02-10
The Great Comic Relief Bake Off review – Dame Edna’s half-baked turn is perfect,2015-02-12
"Tristram Hunt offends nuns, Labour to protect schools funding and a pork ban",2015-02-13
Table for one: what top chefs cook when they’re home alone,2015-02-13
The weekend cook: Thomasina Miers’ pancake recipes for Shrove Tuesday (and Valentine’s Day),2015-02-14
Italy mourns Nutella creator Michele Ferrero,2015-02-16
Turning our mountains of food waste into graphene,2015-02-16
Trinidad’s forgotten architectural gems,2015-02-16
Mars bars to feature Fairtrade cocoa in new partnership deal,2015-02-20
Fairtrade Foundation signs deal with Waitrose,2015-02-20
Readers’ recipe swap: toasties,2015-02-21
Jamaican farmers face bleak future as EU axes cap on sugar beet production,2015-02-21
Fairtrade sales fall for first time in foundation's 20-year existence,2015-02-23
The 10 best Australian wines for under $20,2015-02-23
Aid donors say Ebola-hit countries must direct effort to rebuild their economies,2015-02-23
Why are foodies turning their backs on Fairtrade?,2015-02-23
Going dairy free: try these hero ingredients,2015-03-02
"The insider's cultural guide to Quito: 'Sun, fog, corn, stone, cars …'",2015-03-02
20 best chocolate recipes: part 2,2015-03-03
Wednesday’s best TV,2015-03-04
20 best chocolate recipes: part 3,2015-03-04
Cadbury withdraws application for $16m in federal funding,2015-03-05
"Intergenerational report, Ricky Muir's first speech, higher education – as it happened",2015-03-05
Mother's Day or Easter … hang on to that holiday feeling,2015-03-05
We’re due another financial crisis. What’s the strategy? | letters,2015-03-08
Beauty slacker: what it's really like to stop using beauty products,2015-03-12
Henry Dimbleby’s Moelleux au chocolat recipe | Back to basics,2015-03-13
"The OFM 50: the 50 hottest places, people and trends in food",2015-03-15
Who needs Creme Eggs when you can make your own Creem Eggs?,2015-03-18
The Cutting of the Cloth review – well-tailored drama,2015-03-18
"Instead of lunch, I’m getting the runaround",2015-03-21
This week’s best food and drink,2015-03-21
Wines for Easter | David Williams,2015-03-22
Fresh off the shelf | Cook residency,2015-03-23
"The best Easter eggs, chocolate, hot cross buns and simnel cake – taste test",2015-03-25
How to cook the perfect simnel cake,2015-03-26
The chocolate companies on the hunt for a sustainable Easter egg,2015-03-27
"Azores holiday guide: what to see, best bars, restaurants and places to stay",2015-03-28
"Skyhouse, Lewes, East Sussex: B&B review",2015-03-28
Easter events for children,2015-03-28
Italian grandmother causes illness with cocoa expired in 1990,2015-03-31
I should cocoa: Hotel Chocolat boss aims for more bounce than an Easter bunny,2015-04-02
Our 10 best chocolate recipes | Our 10 Best,2015-04-04
Enjoy today’s Easter eggs: they could soon become a luxury,2015-04-04
Easter recipe hacks: how to upcycle your hot cross buns,2015-04-05
Mike Thresh obituary,2015-04-06
"The Royal Exhibition building of 'Marvellous Melbourne': a history of cities in 50 buildings, day 10",2015-04-06
Head of London-listed company linked to illegal clearing of Peru rainforest,2015-04-07
Chocolate: does it really lift our mood and make us feel romantic? I should cocoa,2015-04-08
Live Q&A: how can trade be made fairer in the global south?,2015-04-09
"Who is Michael Slager, the officer who shot Walter Scott?",2015-04-10
Watch the new video from Teddybears - What's Your Problem?,2015-04-14
Can Peru stop ‘ethical chocolate’ from destroying the Amazon?,2015-04-17
Chocolate company Ferrero to make packaging using Nutella leftovers #knowyournuts,2015-04-21
"Join @GuardianSustBiz live chat on nut supply chain, Wed 29 April, 1pm BST",2015-04-22
"Wall Street Journal writer Barry Newman: 'like all reporters, I’m an exception'",2015-04-23
Election 2015 live: Gordon Brown - the SNP are not offering a penny more than Labour,2015-04-23
"Tales of Trinidad: writer Lawrence Scott on carnival, calypso and ecotourism",2015-04-24
"In Washington, a handful of corporations lobby against climate change",2015-04-24
Readers’ recipe swap: Cereals | Eve O’Sullivan,2015-04-25
"Avignon city guide: what to see plus the best bars, restaurants and hotels",2015-04-25
Inspect a gadget: cutting-edge kitchen aids put to the test,2015-04-30
Cocoa farmers spread the taste for Divine Chocolate,2015-04-30
Shared Interest Society offers loans to Fairtrade producers,2015-04-30
Ruby Tandoh's cinnamon bake recipes | Ruby bakes,2015-05-02
10 of the best budget restaurants in Venice,2015-05-08
Teachers have always given children the extra helping hand | letters,2015-05-09
Venice Biennale: the world is more than enough,2015-05-11
Expo 2015: what does Milan gain by hosting this bloated global extravaganza?,2015-05-12
Astrid Lindgren's second world war diaries published in Sweden,2015-05-13
"Yamoussoukro's Notre-Dame de la Paix, the world's largest basilica - a history of cities in 50 buildings, day 37",2015-05-15
You should cocoa: sumptuous recipes for chocolate cakes and brownies | Ruby Tandoh,2015-05-16
The Life of Saul Bellow by Zachary Leader review – ‘Was I a man or was I a jerk?’,2015-05-16
"The weekend cook: Thomasina Miers’ recipes for Spanish-style clams wth white beans, and chocolate and rye cake",2015-05-16
The queens of greens: the new wave of cooks proving healthy food can taste great,2015-05-17
Cookery lessons in school have always been rubbish,2015-05-18
Ivory Coast president tours country's first chocolate factory,2015-05-20
How green are straw-fired power stations? | Lucy Siegle,2015-05-24
Pot luck: tea researchers find Britain's oldest cuppa,2015-05-26
Take the biscuit: jammie dodger and bourbon cream recipes | Ruby bakes,2015-05-30
Five-minute desserts | Reader’s Recipe Swap,2015-05-30
My 977 days held hostage by Somali pirates | Michael Scott Moore,2015-06-02
Companies have critical role in creating a better food system,2015-06-02
DIY treats: make your own chocolate bars and bourbon biscuits,2015-06-03
Deadline for summer transfers brought forward to 6pm by Premier League,2015-06-04
Top 10 craft beer bars in Budapest,2015-06-05
"No more beer, chocolate or coffee: how climate change could ruin your weekend",2015-06-09
An oral history of USA at Italia '90: the World Cup that changed US soccer,2015-06-10
Could a robot run your business?,2015-06-15
Watching the detectives: why the police procedural is more popular than ever,2015-06-16
Using big data could alert us to risks in the food supply chain,2015-06-16
Why are bees important? You asked Google – here’s the answer | Alison Benjamin,2015-06-17
Thousands join mass climate change lobby outside UK parliament,2015-06-17
The 10 best summer beers,2015-06-21
Thorntons bought by Ferrero for £112m,2015-06-22
How to make the perfect blondies,2015-06-24
"Sierra Leone: 'needs a Marshall Plan, not a multitude of micro initiatives'",2015-06-25
The detainee’s tale by Ali Smith: 'I thought you would help me',2015-06-28
Thomasina Miers’ recipes for a summer lunch with friends,2015-07-04
"Hershey's uses more certified sustainable cocoa, but farmers may not be seeing the benefits",2015-07-06
The return of childish things: cafes that specialise in toast and cereal milk,2015-07-07
The 20 best Italian recipes: part 4,2015-07-09
2015’s best summer books for children,2015-07-11
Season's eating: chocolate cake with sugared violets,2015-07-12
Brassed off: Samoan band mark century since end of German rule – in Sydney,2015-07-16
"Don't diet, detox your fridge",2015-07-16
Bear breaks into Colorado bakery and eats 24 pies – but leaves one behind,2015-07-16
UK period drama scores Emmy nominee success with Downton and Wolf Hall,2015-07-16
The food sector braces itself for crackdown on modern-day slavery,2015-07-17
I should cocoa: which country spends the most on chocolate?,2015-07-19
Greek debt crisis: Greece begins repaying ECB and IMF as banks reopen - as it happened,2015-07-20
Nigeria's dire finances show it cannot grease the economy with fickle oil alone | Oluseun Onigbinde,2015-07-21
Vanuatu reconstruction moves ahead in the aftermath of cyclone Pam,2015-07-28
Theo Chocolate and others aim to end farmers' cycle of poverty,2015-07-29
Why is yorkshire pudding not protected? Eight classic British foods to preserve | Tony Naylor,2015-07-30
Readers’ recipe swap: cheesecake,2015-08-01
Cilla Black: the sparky Liverpudlian we came to know as 'our Cilla',2015-08-03
Cilla Black: a lorra lorra love in the national newspaper coverage,2015-08-03
Recipes for home-made cheesecake ice-cream | Ruby bakes,2015-08-08
Food insecurity in Nicaragua: farming on the edge of a volcano,2015-08-12
Beauty: summer lipsticks,2015-08-15
My worst exam result – and how it affected me,2015-08-20
Heston Blumenthal interview: the Fat Duck flies again,2015-08-23
The great British smut-off: why is there so much innuendo on TV?,2015-08-27
Cereal out of a shoebox: New York's latest food trend,2015-08-29
The week in TV: Educating Cardiff; Resistance; Soup Cans & Superstars: How Pop Art Changed the World,2015-08-30
Terry Collingsworth: the globe-trotting human rights lawyer taking on Nestlé and ExxonMobil,2015-09-02
Child labour on Nestlé farms: chocolate giant's problems continue,2015-09-02
All aboard Scotland’s new Borders Railway,2015-09-04
Canada and Australia feel the squeeze in wake of Chinese economic slowdown,2015-09-04
Time for an oil change? How to bake with nut oils instead of butter | Ruby Tandoh,2015-09-05
The foundations for Queen's record reign were set by Victoria,2015-09-08
"Cocoa, fruit and tea can help keep heart healthy, study says",2015-09-08
A moment that changed me – looking a sperm whale in the eye | Philip Hoare,2015-09-10
Recipes for self-saucing chocolate pudding and bakewell tart | Ruby Bakes,2015-09-12
"EU sugar reform a bitter pill for farmers driven into poverty, say campaigners",2015-09-17
Sustainable development goals promise little respite for indebted poor countries | Tim Jones,2015-09-23
Ghana's top undercover journalist masters disguise to expose corruption,2015-09-24
The big reckoning: how many people did the millennium goals save?,2015-09-24
"The Great British Bake Off, episode nine – as it happened",2015-09-30
All you need is the pear necessities for these bakes | Ruby bakes,2015-10-03
Foyle Young Poets of the Year Award 2015 - read the winning poems,2015-10-08
Ryan Hall: 'The characteristics required for running are those that make good people',2015-10-09
Is it really OK to call him ‘Tory scum’?,2015-10-10
OFM awards 2015 best independent retailer: runners-up,2015-10-18
How to make the perfect peanut butter,2015-10-22
"Sugar tax will not change diets, says Cadbury chief",2015-10-22
"If the palm oil industry waited for consumers to care, sustainability would get nowhere",2015-10-26
High spirits: readers’ drinking tips from around the world,2015-10-29
Australia’s fearless flanker David Pocock shows sport and politics can mix,2015-10-30
Readers’ recipe swap: chocolate spread | Eve O’Sullivan,2015-10-31
Five books to fire my passion for science,2015-11-04
Sex isn’t the preserve of the young | Anne Karpf,2015-11-06
Meals for one | Readers’ recipe swap,2015-11-07
Ruby Tandoh’s shimmery cake truffles recipe | Ruby Tandoh,2015-11-14
What's your favourite comfort read?,2015-11-17
Memento remake: chance to improve the original or instantly forgettable gaffe?,2015-11-17
Guardian readers' comfort library,2015-11-19
Adele's 25 goes on sale – with no queues outside record shops,2015-11-20
Ruby Tandoh’s nostalgic chocolate-bar bake recipes | Ruby Bakes,2015-11-21
"As waves crash ever closer to our doors in Grenada, will Paris talks stem the tide? | Dessima Williams",2015-11-24
Christmas dinner cheapest since 2011 thanks to Putin and Hong Kong,2015-11-26
Who are the Walmart workers protesting this Black Friday?,2015-11-27
Recipes for a Hollywood bake-off | Ruby bakes,2015-11-28
Festive party food hacks and the return of the Egg Master,2015-11-30
Tamal Ray’s great Christmas baking recipes: from croquembouche to jam tarts,2015-12-01
Chocolate fruitcake or traditional? Here are the recipes for both,2015-12-05
Thomasina Miers: how to take the stress out of Christmas cooking,2015-12-05
Holy grail of shipwrecks caught in three-way court battle,2015-12-06
The Italians fighting against an 'invasion' of palm oil,2015-12-09
The best subscription gifts for Christmas,2015-12-09
The recipe for making chocolatey gifts | Baking the seasons,2015-12-12
Paris climate deal might just be enough to start turning the tide on global warming | Lenore Taylor,2015-12-12
OFM’s Christmas taste test 2015,2015-12-13
Fairtrade chocolate and independent booksellers: an ethical guide to Christmas shopping,2015-12-15
"From the sacred peaks of the Himalayas to the bright, cruel centre of capitalism: a personal 2015 reckoning | Ian Jack",2015-12-19
Mast Brothers: controversial world's 'best' chocolate faces swirl of scandal,2015-12-19
Ten of the best beers for Christmas,2015-12-22
"Sex, lies and arsenic: how the 'king of poisons' lost its crown",2015-12-22
Meringue in the new year with Claire Ptak’s party recipes | Baking,2015-12-27
The top 10 business stories of 2015,2015-12-28
Nerds and bank lock-ins: things I’ll miss about the numbers game,2016-01-03
End of China's commodity boom spells pain for producers with no end in sight,2016-01-03
Readers’ recipe swap: after-school snacks,2016-01-09
"‘You smart, you loyal’: how rap culture embraced the meme",2016-01-15
What’s happening in wine in 2016,2016-01-17
Top 10 craft beer pubs in Oxford,2016-01-19
Horse racing tips: Saturday 23 January,2016-01-22
New Oreos? More like Ore-gross,2016-01-22
"The weekend cook: Thomasina Miers’ recipes for mackerel, beetroot and kale salad, and chocolate chip cookies",2016-01-22
‘Airbnbs for dining’ give Italian female chefs chance to shine,2016-01-22
Morning stars: breakfast for the adventurous,2016-01-24
"Ghana's success story built on gold, oil and cocoa is foundering | Chris Matthews",2016-01-26
Caramel colours for a sunny glow | Eva Wiseman,2016-01-31
Nestlé admits slavery in Thailand while fighting child labour lawsuit in Ivory Coast,2016-02-01
An idiot’s guide to working with chocolate at home,2016-02-05
I’m on a slightly dull date and he’s texting. What if it’s his wife?,2016-02-06
"One batch of polenta, four recipe ideas | Get ahead",2016-02-06
How to make the perfect chocolate pots,2016-02-11
Readers’ recipe swap: Rock’n’roll cakes | Eve O’Sullivan,2016-02-13
Eagles of Death Metal deliver rock'n'roll catharsis in Paris,2016-02-17
Favourite Paris bistros: readers’ travel tips,2016-02-18
Africa's Big Men can deliver but they must know when to go | Charles Onyango-Obbo,2016-02-24
Kitchen gadgets review: Vinnebago – a cocktail shaker wearing a tuxedo,2016-02-24
Boris Johnson has just launched his latest Euro-myth | Sarah Helm,2016-02-26
Claire Ptak’s bourbon banana cream tartlet recipe | Baking the seasons,2016-02-27
Fairtrade sugar blues bring down ethical scheme's total sales,2016-02-29
"El Niño hits Fairtrade: 'It went from -4C to 25C in a week, ruining our crops' | Murithi Mutiga and Sam Jones",2016-02-29
How to eat: croissants,2016-02-29
Claire Ptak’s recipes for halva brownies | Baking the seasons,2016-03-05
The eco guide to running out | Lucy Siegle,2016-03-06
Did you hear the one about Paddy Power Betfair?,2016-03-06
Celebrity skin: the stars who’ve stripped,2016-03-06
Ivory Coast hopes to tempt investors with stability and a booming economy | Clár Ní Chonghaile,2016-03-07
Hotel Chocolat planning flotation to fund online and UK expansion,2016-03-09
Easter eggs 2016: the best and worst – taste test,2016-03-09
"UK growth slows, but manufacturing growth beats forecasts - as it happened",2016-03-09
Behind the label: can we trust certification to give us fairer products?,2016-03-10
"On Ghana's cocoa farms, Fairtrade is not yet working for women | Roy Maconachie and Elizabeth Fortin",2016-03-11
Rök: restaurant review | Jay Rayner,2016-03-13
Tamal Ray’s Easter recipes: from rhubarb tart to choc cross buns,2016-03-16
Taste test: Easter eggs and hot cross buns,2016-03-20
"Mental illness in Indonesia, and an interview with Bertha Cáceres",2016-03-22
How are chocolate eggs made? A totally factual scientific explanation | Dean Burnett,2016-03-24
GMO food labels are coming to more US grocery shelves – are consumers ready?,2016-03-24
The weekend cook: Thomasina Miers’ recipes for Easter,2016-03-25
Readers’ recipe swap: Leftover Easter eggs | Dale Berning Sawa,2016-03-26
The supermarkets take us for mugs. And we let them | Yvonne Roberts,2016-03-27
"If the rains fail, so could the cocoa beans",2016-03-27
Truffles and Toffee Crisps: cooks on the ‘good’ food they hate – and the ‘bad’ food they love,2016-03-29
"Gypsy gangsters, the Easter egg tax and other Brexit scare stories",2016-03-30
Whoopi Goldberg launches line of pot products for women with period pain,2016-03-30
Thin mints and a glass of red? Wine with Girl Scout cookies is surprisingly good,2016-04-01
Claire Ptak’s coconut cowboy cake recipe | Baking the seasons,2016-04-02
How to make the perfect chocolate spread,2016-04-07
The Secret Poisoner by Linda Stratmann review – a century of murder,2016-04-08
The worm has turned: how British insect farms could spawn a food revolution,2016-04-08
Peugeot 308 GTi: car review | Martin Love,2016-04-17
Melbourne City v Perth Glory: A-League finals action - live!,2016-04-17
Tamal Ray’s breakfast treats: from wholemeal muffins to mocha biscotti,2016-04-20
"Family life: A visit to Oban, She Loves You by the Beatles, chocolate splosh",2016-04-30
Hotel Chocolat founders make £20m each from stock market debut,2016-05-05
The lives of others: 150 years of London’s blue plaques,2016-05-07
Hotel Chocolat shares surge on stock market debut,2016-05-10
Rachel Roddy’s chocolate almond cake recipe | A Kitchen in Rome,2016-05-10
George Zimmerman's gun used to kill Trayvon Martin back up for auction,2016-05-12
Never mind the BBC – here's 20 years of top Guardian recipes,2016-05-17
Chocolate glazed doughnuts | Baking the seasons,2016-05-21
Flat-out: family cycling fun in the Netherlands,2016-05-23
From Glastonbury to Book at Bedtime: the uncontainable Kate Tempest,2016-05-24
Pegida activists protest at images of non-white German footballers on Kinder bars,2016-05-25
Drink pea milk and save the world: but what if the peas are shipped from France?,2016-05-25
Caravaggio and the art of dieting,2016-05-28
"Harriet, what were you thinking? | Victoria Coren Mitchell",2016-05-28
Readers’ recipe swap: Caramelised | Dale Berning Sawa,2016-05-31
How to cook the perfect marshmallow,2016-06-02
Marc Janko: taking one last ride on the rollercoaster for Austria,2016-06-08
Will giving fat cats some of the cream help to cut poverty? | Jonathan Glennie,2016-06-09
Pure review – bittersweet play about chocolate dynasties' darkest days,2016-06-09
Hygge – the Danish art of living cosily – on its way to UK bookshops,2016-06-11
"Batman's Killing Joke, and its 'edgy' rape storyline, is not a comeback I want to see",2016-06-15
Vanuatu's kava cup runs low as thirst increases for drink of choice,2016-06-21
When you wish upon a bra… | Victoria Coren Mitchell,2016-06-25
Poster poems: remembrance,2016-07-01
Cherry chocolate cream cake and clafoutis recipe | Baking the seasons,2016-07-02
The struggle is ce-real: how Kellogg’s killed the hipster breakfast trend,2016-07-05
Bittersweet: the highs and lows of being a chocolate judge,2016-07-07
From bovver to budgie smugglers: the latest entries to the OED,2016-07-07
Computers and chocolate set to get pricier after Brexit vote,2016-07-07
Lagarde urges speedy Brexit deal as City sees pound hitting new lows – as it happened,2016-07-07
Brexit fallout – what it means for you and your finances,2016-07-08
"Post-Brexit sterling decline will cost poor countries $4bn, claims study",2016-07-08
"Sterling’s down, sales are falling, shoppers anxious: gloom gathers over the UK economy",2016-07-09
Hotel Chocolat says cocoa price surge will not affect product cost,2016-07-12
Baroque and roll: a cycling tour of south-east Sicily,2016-07-16
Petit Pois Bistro: restaurant review | Jay Rayner,2016-07-17
"Taste test: peanut butter, strawberry jam, seeded breads and sourdough",2016-07-17
Where to buy fresh food and drink in Normandy and Brittany,2016-07-22
New York's Museum of Ice Cream: the stuff dreams are made of,2016-07-29
The market stall in Mexico where ‘Frida Kahlo’ will cook you an enchilada,2016-07-31
Annotated solutions for Genius 157,2016-08-03
Readers’ recipe swap: Kids’ parties | Dale Berning Sawa,2016-08-06
How to cook the perfect red velvet cake,2016-08-11
"Family life: With my sister Lou last winter, Neil Young, and Mum’s Old Favvy pudding",2016-08-13
Partner of murdered Sadie Hartley denies responsibility for her death,2016-08-17
"Cres, Croatia: island of ghosts and vultures",2016-08-20
SymmetryBreakfast recipes: five hits from the Instagram favourite,2016-08-21
Jaffa cakes: Ruby Tandoh and Marcus Wareing on how to make them,2016-08-25
"Grant & I review – Robert Forster writes moving, definitive portrait the Go-Betweens deserve",2016-08-29
"Hunting for hygge, a new ingredient in Denmark’s recipe for happiness",2016-09-03
Rise of the purists: is chocolate the new coffee?,2016-09-04
Our vision for aid? Help the poorest people help themselves | Albert Kan-Dapaah,2016-09-14
Hotel Chocolat co-founder on making chocolate exciting again,2016-09-15
Modern tribes: the hygge enthusiast,2016-09-17
Donald Trump's police: officers backing Republican have murky legal histories,2016-09-18
Trump campaign police advocate fired from airline job after criminal charge,2016-09-25
Pat Thomas: Coming Home review – easygoing dance favourites,2016-09-29
Anna Jones’ quick and easy recipes for beans and pulses | The modern cook,2016-09-30
Hurricane Matthew: Floridians urged to hurry preparations as storm approaches,2016-10-05
Bahamas hit by storm as Florida braces for Hurricane Matthew's arrival,2016-10-06
Hurricane Matthew: storm surge threat to Carolinas and Georgia - as it happened,2016-10-08
Insider's guide to Rovaniemi: heavy metal in snow-muffled silence,2016-10-10
"Kitchen gadgets review: Shake-it – not quite nirvana, but a sift of serenity",2016-10-12
"Hard Brexit would send food prices soaring, says Nick Clegg",2016-10-17
The weekend cook: Thomasina Miers' recipes for Halloween and Mexico’s Day of the Dead,2016-10-28
Why I love… Jane The Virgin,2016-10-29
Readers’ recipe swap: Dates | Dale Berning Sawa,2016-10-29
Therapy lamps tested: ‘The optical equivalent of freezing cold shower',2016-11-01
"Pork pies and stilton under Brexit threat, says Nick Clegg",2016-11-01
Innovation is the answer to a simple question 'Is there a better way',2016-11-04
"Nutella campaigns in the US to be labeled a 'spread', not a 'topping'",2016-11-04
'We thought it was going to destroy us' … Herzog and De Meuron's Hamburg miracle,2016-11-04
A mouthwatering mussels with potato and pasta recipe from southern Italy | A Kitchen in Rome,2016-11-15
"Friday’s best TV: Children in Need, Unreported World, American Horror Story",2016-11-18
Five Christmas bakes from the inventor of the Cronut,2016-11-20
Anna Jones’s recipes for making porridge more interesting | The modern cook,2016-11-21
Is big business a force for good for African farmers? Read the highlights from our live Q&A,2016-11-22
Child labour is part of most of what we buy today: what can we do?,2016-11-24
Costa Rica declares national emergency as Hurricane Otto heads for coast,2016-11-24
Heston goes the whole hog this Christmas with bacon and banana trifle,2016-11-28
"India beat England by eight wickets: third Test, day four – as it happened",2016-11-29
$199 for a luxury cruise? 'Voluntourism' eco vacations struggle to catch on,2016-12-01
Why making Christmas treats beats buying every time | Homemade Christmas recipes,2016-12-02
Pierre Hermé’s recipe for chocolate shortbread | A taste of home,2016-12-02
The best Christmas fortified wines … and more,2016-12-11
Claire Ptak’s alternative Christmas puddings,2016-12-17
The eco guide to Christmas chocolates,2016-12-18
"Veneta, London: restaurant review | Jay Rayner",2016-12-18
Ten of the best Christmas beers,2016-12-20
Sadness and defiance mark the reopening of Breitscheidplatz market,2016-12-22
'Christmas is about sharing love – Kate would be so proud of her African school',2016-12-25
"Guardian Weekly Letters, 30 December 2016",2016-12-27
"In hard times, reading fiction reminds us we are human in a way Twitter never can | Hope Whitmore",2016-12-28
How to make the perfect espresso martini,2016-12-28
A perfectly seasoned slow-roast pork tacos recipe | Cook Residency,2016-12-29
A World Gone Mad by Astrid Lindgren – war and the birth of Pippi Longstocking,2016-12-30
Readers’ recipe swap: clementines | Dale Berning-Sawa,2017-01-07
Claire Ptak’s recipes for two light desserts free from refined sugar | Baking,2017-01-07
Toblerone maker to hike price of Cadbury's Freddo bars,2017-01-12
Mr Kipling maker's shares in exceedingly sharp fall as profits sliced,2017-01-18
"It's not aid in reverse, illicit financial flows are more complicated than that | Maya Forstater",2017-01-18
Global Warning: 24 hours on the climate change frontline as Trump becomes president – as it happened,2017-01-20
"Deconstructed Nutella: nuts, cocoa – and 58% sugar",2017-01-20
Anna Jones’s recipe for home-made energy bars | The modern cook,2017-01-23
Peter Roebuck’s Somerset dilemma a window into how much has changed | The Spin,2017-01-31
Rachel Roddy’s recipe for Roman-style oxtail stew | A kitchen in Rome,2017-01-31
Calm down trendspotters – ‘lagom’ is not the new hygge | Richard Orange,2017-02-06
Rich and soothing hand creams,2017-02-12
How to eat: porridge,2017-02-21
"The weekend cook: Thomasina Miers’ recipes for breakfast, brunch and pudding",2017-02-24
UK falls in love again with Fairtrade bananas and coffee,2017-02-27
Artful Accra: Ghana’s 60th marked by the birth of an ambitious gallery,2017-03-01
"It’s poké, man: the ultimate hipster-food glossary",2017-03-01
The eco guide to female-friendly shopping,2017-03-05
Seasonal recipes from Gill Meller river cottage chef,2017-03-05
Friday’s best TV: People’s History of Pop; Gogglebox,2017-03-10
It’s right for Britain to reach out to Africa – wrong to send Boris Johnson   | Afua Hirsch,2017-03-16
Taste test: Easter chocolate and cakes,2017-03-20
Late-night hosts on Ivanka Trump: 'The White House has lower standards than Nordstrom',2017-03-22
"Jordan Bourke’s chocolate, cinnamon and pecan babka",2017-03-25
The 20 best Nigella Lawson recipes: part 4,2017-03-30
Channel 4 is overdue an escape from the London media bubble | Martin Kelner,2017-03-30
"North-west frontier: mountains, lochs and art in Durness, Scotland",2017-04-04
Easter eggs aren’t even Christian – so why squabble over them? | Peter Ormerod,2017-04-04
Br-eggs-it! The top 10 Easter eggs for 2017,2017-04-06
The Trip returns: Brydon and Coogan bicker from Santander to Malaga,2017-04-06
Making the Easter bunny – photo essay,2017-04-07
Delia’s chocolate mousse could save you from therapy,2017-04-07
The weekend cook: Thomasina Miers’ recipes for cassoulet and chocolate mousse,2017-04-07
Can you judge a book by its odour?,2017-04-07
Claire Ptak’s recipes for Easter chocolate desserts,2017-04-08
Easter egg taste test: raiding the nest to crack Australia's best,2017-04-11
Designer sugar is here – but just what are we sacrificing for healthier sweets?,2017-04-11
Tamal Ray’s Easter weekend recipes: glazed doughnuts and crack pie,2017-04-13
How to bake the perfect salted caramel brownies,2017-04-19
Nathan Outlaw: Family-friendly recipes from the Michelin-starred chef,2017-04-23
Tamal Ray’s celebration cake recipes: rainbow tower and glazed chocolate mousse,2017-05-11
Cut down carbs and go big on spinach: how to order a healthy student takeaway,2017-05-15
Faith Evans and Notorious BIG: The King & I review – an unmistakably juicy revival,2017-05-18
We abandon free school dinners at our peril | Comment,2017-05-24
Rapper J Hus: ‘I was a doughnut hustler!’,2017-05-25
Chateau Murdoch: Fox media mogul finds solace at his Bel-Air winery,2017-05-26
The weekend cook: Thomasina Miers’ picnic recipes – poached chicken with freekeh salad and kamut chocolate brownies,2017-05-26
My mother was a paragon of austerity. But even she loved chocolate,2017-05-27
British jihadis: who are the first generation of violent extremists? | Jason Burke,2017-05-27
Guilty pleasures: mutant chocolate hinted at life with the brakes off,2017-06-10
50 best summer wines for 2017,2017-06-18
Nutella maker wins court battle over rival's 'illegal' palm oil claims,2017-06-19
Sean Spicer could be ready to step away from ill-starred podium reign,2017-06-20
UK factory orders jump and eurozone confidence hits 16-year high – as it happened,2017-06-22
Lard Brexit: did the EU's 30-year fight over 'greasy' British chocolate cause the split?,2017-06-23
Move by UK supermarkets threatens to bring Fairtrade crashing down,2017-06-24
"Alun Wyn Jones: ‘It’s not about pleasing people, it’s about winning rugby games’",2017-07-06
Taking on the online giants lets the BBC reclaim its hold on children’s imagination | Frances Wilson,2017-07-08
"The new bar from Mars – light on chocolate, light on calories",2017-07-14
On my radar: Nina Stibbe’s cultural highlights,2017-07-23
"Shrinking sweets? 'You're not imagining it,' ONS tells shoppers",2017-07-24
'We thought the war was lost': readers' stories of Dunkirk,2017-07-25
Mock chocs: is Poundland’s cut-price confectionery the answer to shrinkflation?,2017-07-30
Green & Black's new UK chocolate bar will be neither organic nor Fairtrade,2017-08-03
Thursday briefing: 'Corbyn needs to condemn Venezuelan regime',2017-08-03
Fairtrade only really benefits supermarkets. A rethink is needed | Ndongo Samba Sylla,2017-08-04
Green & Black’s new bar shows Fairtrade is under threat. But we still need it | Lucy Siegle,2017-08-07
Don’t get too egg-cited about the contamination scandal – our food is safe| Rachel McCormack,2017-08-11
Fairtrade chief defends cocoa sourcing scheme with Cadbury owner,2017-08-13
How to cook the perfect chocolate crispy cakes,2017-08-17
Novel recipes: ice-cream floats from Agatha Christie's Crooked House,2017-08-18
Hunger eats away at Venezuela’s soul as its people struggle to survive,2017-08-26
Differentials for burying the war dead | Brief letters,2017-09-03
'Ruby' becomes first new natural colour of chocolate in over 80 years,2017-09-06
Getting the best out of cocoa powders | Letters,2017-09-08
Cuba lashed by category five winds as storm heads to US – as it happened,2017-09-09
Chocolate industry drives rainforest disaster in Ivory Coast,2017-09-13
"'Once this was all trees, but they burned them to plant cocoa': the ruin of West Africa's rainforest",2017-09-13
Morning mail: Coalition's 'dirty deal' on media laws,2017-09-13
Bringing colour home: a fashion designer’s house,2017-09-17
Agriculture holds the key to unlocking Africa’s vast economic potential | Letters,2017-09-17
Inside the 22 September edition,2017-09-19
Is chocolate made in Africa? I should cocoa | Letters,2017-09-20
Where to see spectacular autumn colours around the world: our readers’ tips,2017-09-21
Co-op profits fall as it offloads final stake in bank,2017-09-21
"Carrots carrots carrots! Amid the biggest glut in 25 years, we ask chefs for their best recipes",2017-09-22
Inside a top chef's home kitchen: Tom Aikens | A cook’s kitchen,2017-09-23
Feelers out for insect fine dining in Bangkok,2017-09-24
HiPP to relaunch Croatian baby food item amid row over inferior products,2017-09-25
"Charlie and the Chocolate Factory began as 'anti-racist novel', claims academic",2017-09-26
Companies' ‘zero deforestation’ pledges: everything you need to know,2017-09-29
"Thomasina Miers’ recipe for fig, dark chocolate and brandy cake",2017-09-29
The Colour of Power: how collaboration is transforming our reporting,2017-09-30
Recipes from The Modern Cook’s Year | Book extract,2017-10-02
Bobby Knutt obituary,2017-10-03
'Path to illegal behaviour': UK accused of failing to press home anti-slavery law,2017-10-04
This reclusive life: what I learned about solitude from my time with hermits,2017-10-06
The Great British Bake Off 2017 semi-final – as it happened,2017-10-24
20 best Middle Eastern recipes: part 4,2017-10-26
"Liverpool 3-0 Huddersfield, West Brom 2-3 Man City, Arsenal 2-1 Swansea – as it happened",2017-10-28
Research breakthrough raises hope of predicting future Ebola outbreaks,2017-10-30
Rare victory for rainforests as nations vow to stop 'death by chocolate',2017-11-08
Britons 'face expensive Christmas dinner' as food price inflation soars,2017-11-14
Jeremy Lee’s recipe for fudge-topped chocolate brownies,2017-11-18
'No unemployed' gaffe adds to budget pressure on Philip Hammond,2017-11-19
UK shoppers face 'year of anxiety' over food prices as La Niña returns,2017-11-21
How the sandwich consumed Britain | The long read,2017-11-24
10 of the best winter sun destinations for 2018,2017-11-25
Pies and pastries – Jeremy Lee’s 12 puddings of Christmas part 1,2017-12-01
Cakes and tarts: Jeremy Lee’s 12 puddings of Christmas – part 3,2017-12-03
Yule logs and trifles: Jeremy Lee’s 12 puddings of Christmas part 4,2017-12-04
Milein Cosman obituary,2017-12-04
How to make the perfect panforte,2017-12-07
Ayòbámi Adébáyò: ‘Writing a sentence can transport me to another world’,2017-12-09
"Fiction for older children reviews – snow quests, standup and skullduggery",2017-12-10
Sister act: how a Philadelphia nun faced up to Wall Street,2017-12-17
'A brief rummage is acceptable'  – how to share Christmas chocolates,2017-12-22
Annus mirabilis: all the things that went right in 2017,2017-12-26
Rachel Roddy’s recipes for four new year treats inspired by Italy | A kitchen in Rome,2017-12-28
Katherine Rundell: ‘The only time kids fully understand the world is when they read’,2018-01-06
Just desserts: tasty vegan treats for a new year,2018-01-06
Odette: I hadn't read many books with a young strong female character,2018-01-10
John Lithgow: Stories by Heart review – star presence can't save humdrum one-man show,2018-01-12
Novel recipes: Italian chocolate cake from Call Me By Your Name,2018-01-19
Thomasina Miers’ recipe for chilli con carne,2018-01-26
"How did France, gastronomic capital of the world, sink to brawls over Nutella? | Nigel Kendall",2018-01-26
Keys to the backwaters: a coastal Florida road trip,2018-01-27
Chris Packham: what I eat,2018-01-27
Colour explosion in Nicaragua,2018-01-28
Pedestrian deaths and environmental concerns threaten Florida's high-speed train project,2018-01-28
SpaceX oddity: how Elon Musk sent a car towards Mars,2018-02-07
Maro Itoje puts friendship on ice in heat of battle with Alun Wyn Jones,2018-02-07
Valentine's Day chocolates may not be the greenest way to show your love,2018-02-14
All the wins and performances from the Brit awards 2018 – as they happened,2018-02-21
Young Fathers: ‘Everybody has a dark side. We’re all complicit…’,2018-02-25
Emma Chambers fans wish for just one more misunderstood joke | Julia Raeside,2018-02-25
The legume boom: how we went nuts for posh peanut butter,2018-02-28
Joe Trivelli’s preserved food recipes,2018-03-04
Young Fathers: Cocoa Sugar review – twisted sounds for a twisted world,2018-03-08
Young Fathers: Cocoa Sugar review – sounds like freedom feels,2018-03-10
What to see this week in the UK,2018-03-17
"Cakes, tarts and scones: Easter baking recipes",2018-03-18
Taste test: which  Easter eggs and hot cross buns should you buy?,2018-03-18
Does booze go with chocolate? I should cocoa …,2018-03-18
'I'm just not snobby': how Christopher Bailey restyled Burberry,2018-03-24
The dark truth about chocolate,2018-03-25
Anna Jones’s chocolate recipes,2018-03-26
How to make the perfect chocolate souffle,2018-03-31
The logo that shows if your Easter eggs were made by child labour,2018-04-01
"Zurich, Switzerland's chocolate capital",2018-04-01
Time to stockpile Irn-Bru? How the sugar tax will change our favourite drinks,2018-04-02
Tamal Ray’s recipe for chocolate fudge tart,2018-04-03
"Country diary: it looks like a songbird, but the dipper is aquatic to its bones",2018-04-07
Gardens: what to do this week,2018-04-07
Anna Jones’s chocolate cake recipes,2018-04-09
A rosy future: Nestlé launches pink KitKats with ruby chocolate,2018-04-10
'It smells like a Lush store': taste-testing the ruby KitKat,2018-04-11
What is Britain eating? The ultra-processed truth about 10 of our bestselling foods,2018-04-12
Beauty: the only eyeshadow you’ll need for spring,2018-04-14
"Meera Sodha’s recipe for vegan chocolate, date and coffee cake",2018-04-14
"Taste test: from falafels to ice cream, the best vegetarian and vegan snacks",2018-04-22
Adventures with aquafaba: Chantelle Nicholson’s vegan recipes,2018-04-22
Lord Price: 'UK has up to five years of bumps along the road',2018-04-27
"A local’s guide to Nice, France: 10 top tips",2018-04-30
Rachel Roddy’s recipe for chickpea pancakes,2018-04-30
World Cup Fiver | The chances of a spectacular implosion have definitely lengthened,2018-05-03
Rolling back the years: a nostalgic railway cottage in Wales,2018-05-07
World Cup Fiver | Fifa appears on course to banjax two World Cups in the same year,2018-05-10
'I’m not a token black guy': A day in the life of Big Narstie (and his mum),2018-05-11
Chocolate wars: Waitrose faces copycat claim from Hotel Chocolat,2018-05-11
"Childhood on the run: 'I thought we were hiding from the Mafia, then I learned the truth'",2018-05-13
Tamal Ray’s recipe for sticky hazelnut and date pretzel buns,2018-05-15
World Cup Fiver | Australia’s proud and totally sacrosanct national football team,2018-05-17
Hotel Chocolat fires new salvo at Waitrose in chocolate war,2018-05-18
Hotel Chocolat triumphs in chocolate dispute with Waitrose,2018-05-25
Belgium sheds a chocolate tear as another manufacturer sold off,2018-05-31
'I don’t know where my family is': Cameroon's refugees flee brutality,2018-06-07
Thomasina Miers’ recipe for poached cherry and chocolate tiramisu | Thomasina Miers,2018-06-15
Novel recipes: coconut cake from North and South by Elizabeth Gaskell,2018-06-16
Ruby Tandoh’s recipe for black sesame cookies with white chocolate,2018-06-19
Best albums of 2018 so far,2018-06-20
Mbandaka has fought off Ebola – but can the DRC's equator city recover?,2018-06-27
8 of Scotland’s best beaches and coastal treasures,2018-07-06
"Ugly Dumpling, London: ‘Inventive, cheap and hit-and-miss’ – restaurant review | Jay Rayner on restaurants",2018-07-08
My new plan to fight insomnia: give up on the idea of sleeping,2018-07-08
World Cup 2018 semi-final: Croatia 2-1 England (aet) – as it happened,2018-07-12
"Over 400,000 people living in 'modern slavery' in US, report finds",2018-07-19
Australia imports $12bn worth of goods at risk of being made by slaves – report,2018-07-19
Cadbury to launch Dairy Milk bar with 30% less sugar,2018-07-19
Toblerone to revert to original shape but with bigger size and price,2018-07-20
Pret a Porto: Portugal’s second city is ready for the limelight,2018-07-22
Moves to clean up chocolate industry are racing ahead,2018-07-26
Liam Charles’s recipe for sweet nachos with a popcorn sugar and lime dip,2018-07-28
Scottish Album of the Year: Mogwai and Young Fathers among nominees,2018-08-01
Tides by Jonathan White review – getting to grips with the power of the ocean,2018-08-11
From hippies to haute cuisine: how pot food got a makeover (plus recipes),2018-08-14
Kofi Annan obituary,2018-08-19
Nadine Shah: ‘My personal life was so awful I wanted to escape’,2018-09-08
Seven ways to boost your gut health,2018-09-10
I should cocoa: the best home hot-chocolate makers,2018-09-13
Perfect hot chocolate without a machine | Letters,2018-09-14
Tamal Ray’s recipe for pear eclairs,2018-09-15
"Taste Test: from lemon tart to tiramisu, the best supermarket puds",2018-09-16
An adult guide to eating more greens – even if you hate them,2018-09-16
Trade war: Trump accuses Beijing of election meddling amid flurry of tariffs - business live,2018-09-18
Hoarding makes sense for businesses – but it will add to Brexit Britain's woes | Phillip Inman,2018-09-19
An environment not hostile enough | Brief letters,2018-09-19
Vegan kale chocolate: guilt trip or indulgence?,2018-09-20
UK pledges £2.1m to save Asian tigers and African chimpanzees,2018-09-21
Fulham’s Denis Odoi: ‘At 16 they told me I wouldn’t become a footballer’,2018-09-28
"‘Terror being waged on wildlife', leaders warn",2018-10-04
English-speakers boycott Cameroon election as violence worsens,2018-10-05
Meera Sodha’s vegan recipe for chocolate and date mousse,2018-10-13
"Land of plenty: harvest time in Piedmont, Italy",2018-10-28
Gradgrind ethos spells hard times for schools | Letters,2018-10-29
Leslie Jamison picks the best books to understand drinking,2018-11-05
The Christmas gift guide: 100 great buys for every budget,2018-11-17
Cooking for one in the age of Trump,2018-11-18
Rachel Roddy’s tiramisu recipe | A Kitchen in Rome,2018-11-19
The gifts that keep on giving: 12 great subscription gifts,2018-11-21
Four winter fruit cake recipes | Henrietta Inman,2018-12-01
Jeremy Lee’s cake and pudding recipes,2018-12-02
"Invest in Africa's youth before migration to Europe doubles, says UN official",2018-12-05
Lost lands? The American wilderness at risk in the Trump era,2018-12-05
Pink gin is booming – but here's why many purists loathe it,2018-12-06
The UK drag scene is too diverse for RuPaul to turn into a race for ratings | Amrou Al-Kadhi,2018-12-06
Africa cocoa industry failing on deforestation pledge – campaigners,2018-12-07
Christmas spirit: sweet and fortified wines for festive afters,2018-12-09
How to make a Christmas yule log | Felcity Cloake Masterclass,2018-12-15
The best albums and tracks of 2018: how our writers voted,2018-12-21
"Suede, Earl Sweatshirt and the Lovely Eggs: readers on their albums of 2018",2018-12-26
Liam Charles’ recipe for new year nibbler pots | The Sweet Spot,2018-12-29
"FTSE 100 suffers worst year in a decade, falling 12.5% in 2018 - as it happened",2018-12-31
Less is more: Gunnar Garfors on his favourite ‘least-visited’ countries,2019-01-01
Vishtèn: Horizons review – searching and energising Acadian folk,2019-01-11
"To save the rainforest, we need to work with the palm oil industry | Jennifer Lucey",2019-01-15
Mushroom magic: why the latest health fad might be on to something,2019-01-16
Benjamin Zephaniah’s vegan taste test,2019-01-20
Meera Sodha’s recipe for vegan salted miso brownies | The new vegan,2019-01-26
Liam Charles’ recipe for power-up bars | The sweet spot,2019-01-26
Beauty tips: punk meets beige,2019-01-27
How to feed the world - without killing everything,2019-01-28
Valentine’s recipes from Anna Jones,2019-02-08
Acting attorney general falsely claims 'no family separation policy' under Trump - as it happened,2019-02-09
Democratic senator Amy Klobuchar announces 2020 run for president,2019-02-10
How to make chocolate fondant | Felicity Cloake’s Masterclass,2019-02-13
"The Fiver | Sarriball, a philosophy now critiqued in the intense colloquial style",2019-02-19
Spent espresso brownie recipe | Tom Hunt,2019-02-23
"From bean to bar in Ivory Coast, a country built on cocoa",2019-02-24
Fairtrade was going to save the world: now consumers fight to keep it going,2019-02-24
Britain’s fracturing politics – inside the 1 March edition of The Guardian Weekly,2019-02-27
'Damn fine': Grace Dent reviews Alain Ducasse’s £15 cup of coffee,2019-03-08
England thrash West Indies in third T20 international – as it happened,2019-03-10
You're not poor. You're broke,2019-03-12
"Guardian Weekly Letters, 15 March 2019",2019-03-12
"Music, fashion and town planning: how nightclubs change the world",2019-03-18
What if the Caribbean refused royal visits until reparations were paid? | Nalini Mohabir,2019-03-20
"Kim-Joy’s recipe for chocolate, marzipan and cherry book biscuits",2019-03-28
‘Veggie discs’ to replace veggie burgers in EU crackdown on food labels,2019-04-04
Multi-talented tahini: Anna Jones’ choc chip blondies recipe | The Modern Cook,2019-04-05
20 of the best Easter days out for families,2019-04-06
Taste test: the best chocolate Easter eggs and hot cross buns,2019-04-14
How to wear: brown | Jess Cartner-Morley,2019-04-19
Wines that go well with chocolate,2019-04-21
"Emily Maitlis: ‘I always think, Oh my God, I’m exhausted, I want vodka and bed'",2019-04-21
Grime once again dominates Ivor Novello awards nominations,2019-04-24
‘Death by a thousand cuts’: vast expanse of rainforest lost in 2018,2019-04-25
"Pasta Ripiena, Bristol: ‘hilariously messy and brilliantly done’ – restaurant review",2019-04-28
"EU 'outright dangerous' in its use of natural resources, says WWF",2019-05-09
"Meera Sodha’s recipe for vegan chocolate, passion fruit and olive oil cake | The New Vegan",2019-05-11
What’s the secret to a perfect chocolate brownie? | Kitchen aide,2019-05-17
"Momo, London: ‘An unexpected joy’  – restaurant review | Grace Dent on restaurants",2019-05-24
Anna Jones’ recipes for easy carrot and apple flapjacks and rainbow snack platter | The modern cook,2019-05-24
"Eating, YouTube and playing with the kids: my day is a procrastination masterclass | Romesh Ranganathan",2019-05-25
Are ‘weed tampons’ the answer to period pain? | Arwa Mahdawi,2019-05-28
Kim-Joy’s recipe for brownie animals,2019-05-29
20 best easy pudding recipes: part 4,2019-05-30
‘I started a chocolate brand as my son had dairy intolerance’,2019-06-01
Notes on chocolate: ‘I still use it to establish if my children are sick’ | Annalisa Barbieri,2019-06-02
Notes on chocolate: great pleasure can come in tiny bites,2019-06-09
How to eat: chocolate brownies,2019-06-14
Notes on chocolate: sometimes only chunky will do,2019-06-16
"Clams, baked bream and torta caprese: recipes for an Italian summer feast",2019-06-16
"Wahlburgers, London WC2: A touchy-feely tourist trap - restaurant review | Grace Dent",2019-06-28
Emilia: ‘Some of London’s best Italian food’ – restaurant review,2019-06-30
Notes on chocolate: pale and interesting,2019-06-30
Tree planting 'has mind-blowing potential' to tackle climate crisis,2019-07-04
Britain’s story of empire is based on myth. We need to know the truth | Priyamvada Gopal,2019-07-06
A hard bar to find,2019-07-07
"Arros QD, W1: ‘A blackened, very stingy paella’ – restaurant review | Grace Dent",2019-07-12
'People think I'm very odd': how Ibrahim Mahama brought Ghana's past to Manchester,2019-07-16
The greatest photos ever? Why the moon landing shots are artistic masterpieces,2019-07-17
"A Cut Too Far? Male Circumcision review – an act of love, or an assault?",2019-07-18
Notes on chocolate: delights from the secret shelf,2019-07-21
Is fair trade finished?,2019-07-23
EU moves to tackle deforestation caused by chocolate and other products,2019-07-25
Unsavoury truths about fair trade | Letters,2019-07-26
Liam Charles’ recipe for Spider-Man cheesecake | The Sweet Spot,2019-07-27
Notes on chocolate: a simple chocolate ice-cream recipe,2019-07-28
Ibrahim Mahama: Parliament of Ghosts; David Lynch: My Head Is Disconnected – review,2019-07-28
Notes on chocolate: choose the stuff that can beat the heat,2019-08-04
Feminist warriors: why wrestling for women is taking hold,2019-08-04
Chocolate and chilli penguins with orange-flavoured ganache,2019-08-07
Liam Charles’ apricot crumble sundae recipe | The Sweet Spot,2019-08-10
Notes on chocolate: What next if the sugar tax is put on chocolate? | Annalisa Barbieri,2019-08-11
Moscow’s peaceful protests enrage the Kremlin because its only tool is violence | Alexey Kovalev,2019-08-12
The Edinburgh fringe is obsessed with food – so I went and gorged on the best shows,2019-08-12
How to cook the perfect pavlova – recipe | Felicity Cloake,2019-08-21
"Chocolate mousse, nougat ice-cream and more French dessert recipes",2019-08-24
Notes on chocolate: a new spin on the walnut whip,2019-08-25
Notes on chocolate: don’t just stick to Dairy Milk,2019-09-01
"Pigs in mud cake with chocolate, orange and stem ginger",2019-09-04
Hurricane Dorian: South Carolina governor warns people: 'You need to get out' – as it happened,2019-09-04
'Seaborne invasion' of wild boar swamps mystical Malaysian island,2019-09-06
Notes on chocolate: the real-life Willy Wonka on Oxford Street,2019-09-08
Kim-Joy’s recipe for ‘oil-painted’ fortune cookies,2019-09-11
Cultural highlights of Japan: readers’ travel tips,2019-09-12
'CBD lubricant is a bestseller': cannabis oil products are booming – but does the science stack up?,2019-09-14
Pat McGrath: 25 years of skin secrets from fashion's go-to makeup artist,2019-09-15
"Recipes from St John: guinea fowl; ham, marrow and parsley sauce; fig and almond tart",2019-09-15
Wrappers delight: the chocolate taste test,2019-09-15
Notes on chocolate: Oxford’s local heroes,2019-09-22
Nestlé launches made-to-order luxury KitKats for £14 a bar,2019-09-23
A private view: explore the quieter side of Florence,2019-09-29
New WholeFruit chocolate cuts waste by using entire cacao fruit,2019-09-29
Super bowl: eight delicious ways to make porridge – without using oats,2019-10-03
Notes on chocolate: an unexpected bonanza on the Suffolk coast,2019-10-06
How the Cadbury family took care of mine | Letters,2019-10-09
Notes on chocolate: cold weather calls for a mug of something hot,2019-10-13
Attlee and Churchill review – a deft account of a terrific double act,2019-10-14
How to eat roadkill: everything you need to know,2019-10-15
Ivory Coast law could see chocolate industry ‘wipe out’ protected forests,2019-10-16
"Crack: Rock Cocaine, Street Capitalism and the Decade of Greed by David Farber – review",2019-10-21
A touch of magic for an old rectory,2019-10-26
"Marmo, Bristol: ‘It just makes me happy’ – restaurant review",2019-10-27
Wednesday briefing: New plan – we're having an election,2019-10-30
Smashing the patriarchy: why there's nothing natural about male supremacy,2019-11-02
Notes on chocolate: ‘later I discovered the whole box is vegan’,2019-11-03
The average American eats 17 teaspoons of added sugar daily. It’s killing us | Eleanor Cummins,2019-11-07
Notes on chocolate: Amsterdam’s star turns unwrapped,2019-11-10
Richard Stanley obituary,2019-11-11
How to make a proper old-school chocolate mousse  | Kitchen Aide,2019-11-12
Notes on chocolate: 100% cocoa bars are 99% utterly horrible,2019-11-17
Christmas gift ideas for food lovers 2019,2019-11-17
To eat or not to eat: 10 of the world's most controversial foods,2019-11-20
Five eco-friendly Christmas craft activities to try around the UK,2019-11-22
"Tapas Revolution, Westfield Stratford, London E20: ‘Is this punishment for Brexit?’ – restaurant review | Grace Dent",2019-11-22
Brilliant winter holidays in Europe: readers’ travel tips,2019-11-23
In brief: Mutual Admiration Society; The Cheffe; Impossible Owls – review,2019-11-24
Good company: the capitalists putting purpose ahead of profit,2019-11-24
Kim Joy’s recipe for autumnal arctic roll,2019-11-27
Boxing clever: recipes for sweet Christmas gifts | Helen Goh,2019-11-30
Sweet and thoughtful Christmas gifts for grown-ups,2019-12-01
"Cyber Monday 2019: best deals, bargains and the latest news - as it happened",2019-12-02
"New Zealand v England: second Test, final day – as it happened",2019-12-03
From vodka gimlets to ski prep: this week’s fashion trends,2019-12-06
Tamal Ray’s alternative Christmas pudding recipe | Tamal Ray,2019-12-07
Christmas chocs for the older teen with taste,2019-12-08
Christmas taste test: cheese and chocolate,2019-12-08
"'Ridiculously hard': how Neil Gaiman wrote a poem for refugees from 1,000 tweets",2019-12-10
Thirty Pounds of Bone & Philip Reeder: Still Every Year They Went review | Jude Rogers's folk album of the month,2019-12-13
Christmas preparations are in full swing and that means mint chocs…,2019-12-15
"The great vegan Christmas taste test: mains, desserts and party food",2019-12-17
UK inflation at three-year low; Brexit worries weigh - as it happened,2019-12-18
Planting trees is only a good news story if it’s done right | Bibi van der Zee,2019-12-25
Still wines to add fizz to a New Year’s Eve celebration | Fiona Beckett on wine,2019-12-27
From singing backpacks to 1996: this week’s fashion trends,2020-01-03
Alcohol-free drinks for dry January – recipes | Fiona Beckett,2020-01-04
50 easy hacks to change your life in 2020,2020-01-04
Excess all areas: inside the home of Rockett St George's founder,2020-01-04
"My New Year’s resolution? Spread chocolate on it, thickly",2020-01-05
Mushrooms and orange peel: could biotech clean up the building industry?,2020-01-11
Notes on chocolate: the best nut butters,2020-01-19
King William’s College quiz: the answers,2020-01-22
Cacao not gold: ‘chocolate trees’ offer future to Amazon tribes,2020-01-25
"South Africa v England: fourth Test, day two – as it happened",2020-01-25
Kim-Joy’s recipe for blueberry frangipane and cream mini mug tarts,2020-01-29
Spain’s best young chefs – and the restaurants where you’ll discover them,2020-01-30
'It feels quite surreal': Britons board their last Eurostar as EU citizens,2020-02-01
Hiding in plain sight: activists don camouflage to beat Met surveillance,2020-02-01
A chocolate spread recipe – and a foray into 90% | Annalisa Barbieri,2020-02-02
David Atherton’s recipe for banana energy balls,2020-02-05
Gardening tips: plant a star jasmine,2020-02-08
Say it with chocolate on Valentine’s Day | Annalisa Barbieri,2020-02-09
There's a lot more to American chocolate than Hershey’s | Annalisa Barbieri,2020-02-16
Brit awards 2020: the winners and performances as they happened,2020-02-18
Bars you can judge by their cover | Annalisa Barbieri,2020-02-23
"'My God, it's chaos': Lush's founder on why he is so downcast",2020-02-29
A tip-off from a chocolatier brings great reward in Bare Bones,2020-03-01
The quest for a perfect vegan ‘milk’ chocolate | Annalisa Barbieri,2020-03-08
Larder living: 10 of the best store cupboard recipes – from chilli to pizza,2020-03-12
How will we report on the EU now that the UK is out?,2020-03-13
No one wants the nickname Ashy Ankles. I’m fighting back with moisturiser | Romesh Ranganathan,2020-03-13
How to turn old chocolate into a luxurious truffle – recipe | Waste Not with Tom Hunt,2020-03-14
Notes on chocolate: the bars I can’t resist | Annalisa Barbieri,2020-03-15
First forays into the darker side of milk chocolate,2020-03-22
Urgent call to head off new debt crisis in developing world,2020-03-22
"Haenyeo, Brooklyn: ‘An evolved take on the Korean repertoire’ | Jay Rayner",2020-03-29
Eggs for a truly cracking Easter,2020-04-05
Country diary: the sheer gall of a wasp writing the US constitution,2020-04-08
Amsterdam to embrace 'doughnut' model to mend post-coronavirus economy,2020-04-08
My favourite book as a kid: Charmed Life by Diana Wynne Jones,2020-04-08
'We won't see coronavirus here' ... and other gems from Trump's new press secretary,2020-04-08
Good eggs: cracking the Easter chocolates with the best and worst ethics,2020-04-09
Kim-Joy's recipe for Easter cheesecake eggs,2020-04-09
Chocolate Factory: the three-hour program is exceedingly dull – but occasionally delicious,2020-04-10
Tamal Ray's recipe for Easter chocolate truffles | The sweet spot,2020-04-11
"Easy as 1,2,3: chefs on the 50 most simple, delicious three-ingredient recipes",2020-04-15
Do it like Dishoom: favourite dishes from UK restaurants to cook at home,2020-04-17
"There’s a new candy kid on the block, and it’s going to be a star",2020-04-19
"Historic biscuits:  'Where the pavlova divides us, the Anzac unites us'",2020-04-21
You send me: a subscription service to help you discover new chocolate bars | Annalisa Barbieri,2020-04-26
David Atherton's recipe for banana upside down bread,2020-04-30
An adult chocolate that’s still fun,2020-05-03
UK told to pay EU's costs after being sued over City tax breaks,2020-05-14
‘Keep the ingredients off the floor!’ – 15 tips for cooking with kids,2020-05-15
"Two bars for two moods, daydreamy and futuristic",2020-05-17
UK businesses urge PM to seal post-Brexit EU free trade deal,2020-05-19
Kim-Joy’s recipe for sticky toffee pudding and a biscuit groundhog,2020-05-20
Kim Kardashian West's face masks provoke controversy,2020-05-20
Ice-cream with a twist – delicious recipes with added cool,2020-05-22
Artisan chocolate should always be savoured,2020-05-24
Bobby Digital: Jamaican reggae producer dies aged 59,2020-05-26
‘The best meal of my life’: readers’ travel tips,2020-05-28
A good cause and an unexpected hit,2020-05-31
What I’ve learned from a year at the (chocolate) coalface,2020-06-07
Lively dark milks offer both indulgence and verve,2020-06-14
"The sweet spot: 10 of the best icing recipes, from decadent buttercream to chocolate ganache",2020-06-16
How to make the perfect knickerbocker glory – recipe | Felicity Cloake's Perfect,2020-06-17
A reader’s tip leads to Frankly Delicious luxuries from Leeds,2020-06-21
Tuesday briefing: England prepares to ease out of lockdown,2020-06-24
Dough! How to avoid the 21 biggest baking disasters – from burnt cakes to soggy pastry,2020-06-25
Global cases reach 9.68m as Australia braces for surge – as it happened,2020-06-27
"Have a heart, KitKat, don't break with Fairtrade",2020-07-05
‘I got obsessed’: the 15 best reader bakes of lockdown – from cathedral biscuits to perfect brownies,2020-07-06
Zara McFarlane's dream festival: Koffee and herbal tea,2020-07-09
Caramelised milk adds sweet intrigue,2020-07-12
"Ethical labels not fit for purpose, report warns consumers",2020-07-16
"Worldwide case see biggest ever daily increase of 237,743 – as it happened",2020-07-17
Tamal Ray's recipe for butterscotch layer cake | The sweet spot,2020-07-18
Desiree Akhavan's fantasy film festival: 'Price of admission is your filthiest sexual fantasy',2020-07-23
"Notes on chocolate: DIY lollipops, all you need to know",2020-07-26
Great new treats in and out of the supermarket,2020-08-02
"US could become ‘safe haven’ for corporate abusers, activists warn",2020-08-05
Notes on chocolate: tall tales and far-fetched ingredients,2020-08-09
'Our dead are buried there': Ebo logging decree sparks anger in Cameroon,2020-08-11
From loo rolls to fashion: how to spend your cash more ethically,2020-08-15
Notes on chocolate: London’s first bean-to-bar will put SE16 on the map,2020-08-16
The bakery teaching disadvantaged women cooking – and life – skills,2020-08-16
Selfridges launches Project Earth to connect with its ethical consumers,2020-08-16
First Thing: Senate trumps Mueller with its Russian collusion report,2020-08-19
Will Ivory Coast's 'president for life' unleash chaos?,2020-08-20
North American classic bites,2020-08-23
Kim-Joy's recipe for vegan chocolate cake and mousse terrarium,2020-08-27
Dark bars with plenty of flavour,2020-08-30
Let me introduce you to some of my favourite craft chocolates | Annalise Barbieri,2020-09-06
Chocolate chips and tips for bakers,2020-09-13
How to make the perfect chocolate pear pudding – recipe | Felicity Cloake,2020-09-16
Stock up on cocoa to keep out the chill,2020-09-20
Bougainville independence high on agenda as Ishmael Toroama elected president,2020-09-23
"Richard Flanagan: 'Despair is always rational, but hope is human'",2020-09-28
Greggs to cut jobs as high street lays bare Covid financial hit,2020-09-29
"Subway bread is not bread, Irish court rules",2020-10-01
Tamal Ray's recipe for chocolate meringue sandwich cookies | The sweet spot,2020-10-03
Notes on chocolate: a crash course in dark chocolate’s healing power,2020-10-04
'Master' of short story Sarah Hall becomes first to win BBC prize twice,2020-10-06
Cocoa-nutty! 17 surprising chocolate recipes from mole to tagliatelle al cioccolato,2020-10-07
"A hangover is no fun, but super silky chocolate worked its magic | Annalisa Barbieri",2020-10-11
Black Spartacus: The Epic Life of Toussaint Louverture review – superb history of Haiti,2020-10-11
Thomasina Miers' recipe for tequila-spiked chocolate pots | The simple fix,2020-10-12
Wanted: healthy homemade snacks for homeworkers | Kitchen aide,2020-10-13
The Great British Bake Off 2020: episode four – as it happened,2020-10-13
Chocolate industry slammed for failure to crack down on child labour,2020-10-20
"Diets rich in tea, berries and apples could lower blood pressure – study",2020-10-21
Cupcake caterpillar and super-gooey brownies: David Atherton's easy bake recipes for children,2020-10-24
Chocolate meets liquorice in a Danish treat,2020-10-25
Trump supporters hospitalized after being stranded in freezing cold at late-night rally,2020-10-28
Scottish Album of the Year award: Nova becomes first grime winner,2020-10-29
"Joe Trivelli’s recipes for chickpea soup, guinea fowl, and chocolate pudding",2020-11-01
Labour urges UK trade secretary to end delays over Kenya and Ghana deals,2020-11-02
"For the sake of Cameroon, life-president Paul Biya must be forced out | Vava Tampa",2020-11-02
How do I make gluten-free Christmas cake? | Kitchen aide,2020-11-03
Cinema's finest dream-maker and sacks appeal in Ghana – the week in art,2020-11-06
"Triple-chocolate, macadamia and oats: Ravneet Gill's cookie recipes",2020-11-07
Benjamina Ebuehi's recipe for date and chocolate Christmas cake,2020-11-07
"Great stuff from the supermarket, at incredible prices",2020-11-08
David Atherton's breakfast smoothie recipe,2020-11-11
Giorgio Locatelli's perfect Christmas recipes,2020-11-15
Reach for the Stars review – high-flying heroines take children to infinity and beyond,2020-11-16
Spreads for all occasions: from Christmas chutney to pear and coffee jam – recipes,2020-11-21
Notes on chocolate: new arrivals put to the taste test,2020-11-22
Thomasina Miers' Christmas gift recipe for dark chocolate granola | The simple fix,2020-11-23
Benjamina Ebuehi's luxurious Christmas bakes and cakes,2020-12-06
Impossible pie: a dark chocolate and coconut twist on a classic 70s recipe,2020-12-09
"'If she was a bloke, she’d still be in print': the lost novels of Gertrude Trevelyan",2020-12-10
Notes on chocolate: bespoke stocking fillers (if you’ve been good),2020-12-13
Christmas 1945: hunger or black-market 'feasting' across Europe – archive,2020-12-16
Virtually delicious | Notes on chocolate,2020-12-20
"‘I asked if he was in pain and he said no’: Earl Sewell, died aged 72, of Covid-19",2020-12-22
Frying-pan pizza and frozen grapes: Guardian readers’ best kitchen tips from lockdown,2020-12-22
Liam Charles' recipe for Boxing Day tiffin | The sweet spot,2020-12-26
Notes on chocolate: precious cargo incoming,2020-12-27
UK public transport downturn to continue after pandemic ends,2020-12-30
How to stay warm without turning up the central heating,2021-01-03
From brownie bites to fish-finger sandwiches: five great snack ideas for home workers,2021-01-08
"Yellow mealworm safe for humans to eat, says EU food safety agency",2021-01-13
18 brilliant vegan recipes – from orange poppy seed cake to ‘smoked salmon’,2021-01-15
Chocolate as a charitable act,2021-01-17
How do food trends happen – and what will we be eating in 2021?,2021-01-17
Cure the winter blues with curated chocolate,2021-01-24
Ritter Sport is told its new no-sugar bar is not chocolate,2021-02-02
Grill and chill: How to throw a brilliant winter barbecue for your family,2021-02-03
"Mars, Nestlé and Hershey to face child slavery lawsuit in US",2021-02-12
Who is the only Scottish footballer to win the Ballon d’Or? The Weekend quiz,2021-02-13
"Moree elders: proud, strong and always resilient",2021-02-13
"Mousse, the recipe for a perfect Valentine’s",2021-02-14
Not everyone’s a fan of fruit and nut chocolate,2021-02-21
Fancy or cheap? What is the best chocolate for baking? | Kitchen aide,2021-02-23
Hemp chocolates for when you need a lift,2021-02-28
The week in theatre: Hymn; Typical review – first-rate and perfectly balanced,2021-02-28
"Land could be worth more  left to nature than when farmed, study finds",2021-03-08
Mexican artist who shines bloody light on drug violence on fourth plinth shortlist ,2021-03-09
Duchess! Duchess! Duchess! review – Meghan inspires explosive drama,2021-03-11
"Cookies, brownies and savoury bakes for park breaks | Kitchen aide",2021-03-16
How to make red velvet cake – recipe | Felicity Cloake's masterclass,2021-03-17
"Thorntons departs the high street, leaving behind childhood memories",2021-03-20
I know why I'm restless. But why am I craving custard tarts and toffee?,2021-03-20
The price of failure? A seat in the Lords | Letters,2021-03-21
"Joe Trivelli’s recipes for schiacciata, tagliatelle and scallops",2021-03-21
Save the last slice for me: four cakes for Easter ,2021-03-21
From gin to an aubergine emoji: how Easter eggs grew up,2021-03-27
La dolce vita: life really was sweet,2021-03-28
The feel-good guide to indie Australian chocolate,2021-03-28
Hot cross bun bonanza! 10 brilliant recipes – from the perfect classic to prosciutto and parmesan,2021-03-30
How to make the perfect Sachertorte – recipe | Felicity Cloake's How to make the perfect…,2021-03-31
How to upcycle stale bread – recipe | Waste not,2021-04-03
Meltdown: Ravneet Gill’s recipes for using up Easter egg chocolate,2021-04-03
The grand reopening: our critics pick the best art shows for 2021,2021-04-04
The Great Celebrity Bake Off 2021: episode five – as it happened,2021-04-06
'A poem about a dream': Wendy Cope on Making Cocoa for Kingsley Amis,2021-04-10
Liam Charles’ recipe for raspberry and pistachio scoop | The sweet spot,2021-04-17
"Around the globe, across the pond: New Zealand destinations that feel like a world tour",2021-04-17
Comforting treats after a night of TV terror,2021-04-18
20 years of Observer Food Monthly: recipes from the stars of the future,2021-04-18
Date brownies and lemon slices: Nik Sharma’s recipes for picnic bakes,2021-04-24
"Rich, fruity and intense dark bars",2021-05-02
Chefs’ tips for funkier focaccia | Kitchen aide,2021-05-04
Once Upon a River review – teenager’s waterborne tale of survival,2021-05-07
Notes on chocolate: spring eggs to make you sing like a thrush,2021-05-16
"MasterChef Australia elimination recap: beef, bromance and bad ice-cream",2021-05-16
"Sponge, apple pie and sticky date pudding: tried and tested dessert recipes from the CWA",2021-05-21
Notes on chocolate: living it large,2021-05-23
Stout and chocolate cake with toasted oats by Claire Thomson,2021-05-24
Notes on chocolate: a triangular treat makes things right,2021-05-30
‘Throw the ingredients together with reckless abandon!’: Guardian readers on their tastiest foolproof bakes ,2021-06-01
Hoppy days: our pick of the best no- and low-alcohol beers and ales | Fiona Beckett on drink,2021-06-04
Notes on chocolate: nut-milk and honeycomb made my May,2021-06-06
"Not that Noel Gallagher’s looking back in anger. Well, not much | Rebecca Nicholson",2021-06-12
Climate crisis to hit Europe’s coffee and chocolate supplies,2021-06-15
"Country diary: in the fight to survive, red campion is a surprise battleground",2021-06-16
The Other Black Girl by Zakiya Dalila Harris review – an audacious debut,2021-06-16
How to eat: Nutella,2021-06-18
Notes on chocolate: fascinating flavours are all about the beans,2021-06-20
‘My parents’ trauma is my trauma’ – Veronica Ryan on making first Windrush monument,2021-06-22
 Weatherwatch: shining a light on the history of sunscreen,2021-06-23
If Britain loses its nightclubs it loses a vital part of its national DNA | Owen Jones,2021-06-25
"Notes on chocolate: it might be too hot to eat it, but we can still drink it",2021-06-27
